query	document
BRCA1 pathogenic variant breast cancer	BRCA1 variants are considered in hereditary breast cancer risk assessment.
BRCA2 DNA repair germline mutation	The BRCA2 gene participates in DNA repair and germline mutation studies.
APOE Alzheimer disease risk	APOE genotype is used in studies of Alzheimer disease susceptibility.
LDLR familial hypercholesterolemia	Familial hypercholesterolemia evaluation includes LDLR variant interpretation.
CFTR cystic fibrosis splice variant	CFTR splice variants are assessed in cystic fibrosis diagnostic workups.
HBB sickle cell anemia	HBB sequence variation is relevant to sickle cell disease and anemia.
TP53 tumor suppressor cancer	TP53 tumor suppressor function is studied in cancer biology.
HLA antigen presentation immune response	HLA molecules participate in antigen presentation and adaptive immune responses.
RNA sequencing differential expression	RNA sequencing measures transcript abundance for differential expression analysis.
ClinVar uncertain significance variant	ClinVar records include variants classified as being of uncertain significance.
How does a compiler parse C?	A compiler parses C syntax before generating machine code.
Database joins and query planning	Database query planning chooses access paths and join execution strategies.
Memory mapped file page cache	Memory mapped files share operating system page cache pages.
Railway tickets and timetables	The railway publishes a timetable and sells tickets at the station.
Bread yeast fermentation recipe	The bread recipe uses yeast and a fermentation period before baking.
Rainfall and river flood monitoring	River gauges and rainfall measurements support flood monitoring.
Solar energy battery storage	Solar panels can supply electricity to a battery storage system.
Why do leaves change color?	Seasonal changes in leaf pigments produce different autumn colors.
Unicode café 東京 résumé	A Unicode test includes café, 東京, naïve, and résumé.
Punctuation: BRCA1/2 (VUS), c.68_69delAG!	BRCA1/2: c.68_69delAG; p.Glu23Valfs*17 (VUS)?
